rank,model,model_id,input_size,parameters_m,accuracy,balanced_accuracy,macro_f1,hoolock_f1,leuconedys_f1,best_epoch,batch_size,gradient_accumulation_steps,effective_batch_size,learning_rate,fine_tuning_mode
1,ResNet-50,resnet50.a1_in1k,224×224,25.56,0.8414634146341463,0.8194444444444444,0.8221851542952461,0.7636363636363637,0.8807339449541285,36,16,1,16,0.0003,全量微调
2,DenseNet-121,densenet121.ra_in1k,224×224,7.98,0.8414634146341463,0.8022486772486772,0.8150268957140379,0.7450980392156863,0.8849557522123894,6,16,1,16,0.0003,全量微调
3,RegNetY-16GF,regnety_160.sw_in12k_ft_in1k,224×224,83.59,0.8170731707317073,0.7665343915343915,0.7817213842058562,0.6938775510204082,0.8695652173913043,19,16,1,16,0.0003,全量微调
4,ResNeXt-101 32x8d,resnext101_32x8d.fb_wsl_ig1b_ft_in1k,224×224,88.79,0.8414634146341463,0.8366402116402116,0.8279257465698144,0.7796610169491526,0.8761904761904762,21,16,1,16,0.0003,全量微调
5,ResNeSt-50d,resnest50d.in1k,224×224,27.48,0.8292682926829268,0.8187830687830688,0.8132726089785296,0.7586206896551724,0.8679245283018868,41,16,1,16,0.0003,全量微调
6,EfficientNet-B0,efficientnet_b0.ra_in1k,224×224,5.29,0.8414634146341463,0.8538359788359788,0.8324689611818324,0.7936507936507936,0.8712871287128713,13,16,1,16,0.0003,全量微调
7,EfficientNet-B3,efficientnet_b3.ra2_in1k,288×288,12.23,0.926829268292683,0.9186507936507937,0.9186507936507937,0.8928571428571429,0.9444444444444444,103,16,1,16,0.0003,全量微调
8,EfficientNet-B5,efficientnet_b5.sw_in12k_ft_in1k,448×448,30.39,0.8780487804878049,0.8644179894179894,0.8644179894179894,0.8214285714285714,0.9074074074074074,9,16,1,16,0.0003,全量微调
9,EfficientNet-B7,tf_efficientnet_b7.ns_jft_in1k,600×600,66.35,0.8902439024390244,0.8650793650793651,0.8745537990821011,0.8301886792452831,0.918918918918919,54,4,1,4,0.0003,全量微调
10,EfficientNet-X-B5,efficientnet_x_b5.sw_r448_e450_in1k,448×448,33.44,0.8902439024390244,0.8650793650793651,0.8745537990821011,0.8301886792452831,0.918918918918919,20,16,1,16,0.0003,全量微调
12,EfficientNetV2-B3,tf_efficientnetv2_b3.in1k,240×240,14.36,0.8536585365853658,0.8287037037037037,0.8343434343434344,0.7777777777777778,0.8909090909090909,9,16,1,16,0.0003,全量微调
13,EfficientNetV2-S,tf_efficientnetv2_s.in21k_ft_in1k,300×300,21.46,0.8414634146341463,0.7936507936507937,0.8108251996450755,0.7346938775510204,0.8869565217391304,17,16,1,16,0.0003,全量微调
14,EfficientNetV2-L,tf_efficientnetv2_l.in21k_ft_in1k,384×384,118.52,0.7560975609756098,0.7804232804232805,0.7487745098039216,0.7058823529411765,0.7916666666666666,14,16,1,16,0.0003,全量微调
16,EfficientViT-L3,efficientvit_l3.r384_in1k,384×384,246.04,0.8414634146341463,0.7678571428571428,0.7951182010378628,0.6976744186046512,0.8925619834710744,24,16,1,16,0.0003,全量微调
17,ConvNeXt-Tiny,convnext_tiny.fb_in22k_ft_in1k,224×224,28.59,0.8536585365853658,0.8802910052910053,0.8478664192949907,0.8181818181818182,0.8775510204081632,32,16,1,16,0.0003,全量微调
18,ConvNeXt-Base,convnext_base.fb_in22k_ft_in1k,224×224,88.59,0.9024390243902439,0.8571428571428572,0.882183908045977,0.8333333333333334,0.9310344827586207,14,16,1,16,0.0003,全量微调
19,ConvNeXtV2-Tiny,convnextv2_tiny.fcmae_ft_in22k_in1k,224×224,28.64,0.8170731707317073,0.8009259259259259,0.7983275946876537,0.7368421052631579,0.8598130841121495,4,16,1,16,0.0003,全量微调
21,ConvNeXt-Base DINOv3,convnext_base.dinov3_lvd1689m,224×224,87.57,0.6585365853658537,0.5,0.39705882352941174,0.0,0.7941176470588235,1,16,1,16,0.0003,全量微调
23,MambaOut-Base+,mambaout_base_plus_rw.sw_e150_r384_in12k_ft_in1k,384×384,101.66,0.6585365853658537,0.5,0.39705882352941174,0.0,0.7941176470588235,1,16,1,16,0.0003,全量微调
24,MobileNetV3-Large,mobilenetv3_large_100.ra_in1k,224×224,5.48,0.8292682926829268,0.8445767195767195,0.8206249999999999,0.78125,0.86,29,16,1,16,0.0003,全量微调
25,MobileNetV4 Conv Large,mobilenetv4_conv_large.e600_r384_in1k,384×384,32.59,0.8780487804878049,0.8558201058201058,0.8619528619528619,0.8148148148148148,0.9090909090909091,30,16,1,16,0.0003,全量微调
26,MobileNetV4 Hybrid Large,mobilenetv4_hybrid_large.e600_r384_in1k,384×384,37.76,0.7804878048780488,0.6871693121693122,0.7024193548387097,0.55,0.8548387096774194,19,16,1,16,0.0003,全量微调
27,MobileNetV5-300M (Gemma 3n),mobilenetv5_300m.gemma3n,768×768,294.13,0.7682926829268293,0.7466931216931216,0.7445482866043613,0.6666666666666666,0.822429906542056,9,4,4,16,1e-05,冻结 backbone，仅训练分类头
28,MobileViTv2-2.0,mobilevitv2_200.cvnets_in22k_ft_in1k_384,384×384,18.45,0.8414634146341463,0.8194444444444444,0.8221851542952461,0.7636363636363637,0.8807339449541285,30,16,1,16,0.0003,全量微调
31,ViT-Base/16 AugReg,vit_base_patch16_224.augreg_in21k_ft_in1k,224×224,86.57,0.7195121951219512,0.7268518518518519,0.7069153069153069,0.6461538461538462,0.7676767676767676,19,16,1,16,0.0003,全量微调
35,Swin-Tiny,swin_tiny_patch4_window7_224.ms_in22k_ft_in1k,224×224,28.29,0.7560975609756098,0.7718253968253967,0.7464440321583179,0.696969696969697,0.7959183673469388,5,16,1,16,0.0003,全量微调
36,Swin-Large,swin_large_patch4_window12_384.ms_in22k_ft_in1k,384×384,196.74,0.6829268292682927,0.7420634920634921,0.6821705426356589,0.6666666666666666,0.6976744186046512,4,16,1,16,0.0003,全量微调
37,SwinV2-Large,swinv2_large_window12to24_192to384.ms_in22k_ft_in1k,384×384,196.74,0.8048780487804879,0.7572751322751323,0.7698245614035089,0.68,0.8596491228070176,10,16,1,16,0.0003,全量微调
39,CoAtNet-RMLP-2,coatnet_rmlp_2_rw_384.sw_in12k_ft_in1k,384×384,73.88,0.7560975609756098,0.7632275132275133,0.74375,0.6875,0.8,41,16,1,16,0.0003,全量微调
41,DINOv3 ViT-S/16,vit_small_patch16_dinov3.lvd1689m,256×256,21.59,0.8170731707317073,0.8095238095238095,0.8014527845036319,0.7457627118644068,0.8571428571428571,24,16,1,16,0.0003,全量微调
42,DINOv3 ViT-B/16,vit_base_patch16_dinov3.lvd1689m,256×256,85.64,0.7195121951219512,0.7182539682539683,0.7035989313217036,0.6349206349206349,0.7722772277227723,36,16,1,16,0.0003,全量微调
